{
  "camera_matrix": [
    [
      766.4016078500549,
      0.0,
      940.5632774336267
    ],
    [
      0.0,
      768.7622793087953,
      597.367298789784
    ],
    [
      0.0,
      0.0,
      1.0
    ]
  ],
  "distortion_coefficients": [
    [
      -0.050790161015758714,
      0.06541420526651653,
      -0.0019701493501214896,
      0.0014694555793802787,
      -0.03152163015986591
    ]
  ],
  "image_size": [
    1920,
    1080
  ],
  "chessboard_size": [
    9,
    6
  ],
  "square_size": 12.79,
  "mean_reprojection_error": 0.05351128893457839,
  "num_images_used": 23,
  "successful_images": [
    "/home/tomasjurica/projects/FingernailCalibration/Data/captures_baseline_95_105_20251215_131329_smallchessboard_calib/z66.0_x95.0_20251215_131450.jpg",
    "/home/tomasjurica/projects/FingernailCalibration/Data/captures_baseline_95_105_20251215_131329_smallchessboard_calib/z68.0_x95.0_20251215_131500.jpg",
    "/home/tomasjurica/projects/FingernailCalibration/Data/captures_baseline_95_105_20251215_131329_smallchessboard_calib/z70.0_x95.0_20251215_131510.jpg",
    "/home/tomasjurica/projects/FingernailCalibration/Data/captures_baseline_95_105_20251215_131329_smallchessboard_calib/z74.0_x105.0_20251215_131535.jpg",
    "/home/tomasjurica/projects/FingernailCalibration/Data/captures_baseline_95_105_20251215_131329_smallchessboard_calib/z74.0_x95.0_20251215_131530.jpg",
    "/home/tomasjurica/projects/FingernailCalibration/Data/captures_baseline_95_105_20251215_131329_smallchessboard_calib/z76.0_x105.0_20251215_131545.jpg",
    "/home/tomasjurica/projects/FingernailCalibration/Data/captures_baseline_95_105_20251215_131329_smallchessboard_calib/z76.0_x95.0_20251215_131540.jpg",
    "/home/tomasjurica/projects/FingernailCalibration/Data/captures_baseline_95_105_20251215_131329_smallchessboard_calib/z78.0_x95.0_20251215_131551.jpg",
    "/home/tomasjurica/projects/FingernailCalibration/Data/captures_baseline_95_105_20251215_131329_smallchessboard_calib/z80.0_x95.0_20251215_131601.jpg",
    "/home/tomasjurica/projects/FingernailCalibration/Data/captures_baseline_95_105_20251215_131329_smallchessboard_calib/z82.0_x95.0_20251215_131611.jpg",
    "/home/tomasjurica/projects/FingernailCalibration/Data/captures_baseline_95_105_20251215_131329_smallchessboard_calib/z84.0_x95.0_20251215_131621.jpg",
    "/home/tomasjurica/projects/FingernailCalibration/Data/captures_baseline_95_105_20251215_131329_smallchessboard_calib/z86.0_x95.0_20251215_131631.jpg",
    "/home/tomasjurica/projects/FingernailCalibration/Data/captures_baseline_95_105_20251215_131329_smallchessboard_calib/z88.0_x105.0_20251215_131646.jpg",
    "/home/tomasjurica/projects/FingernailCalibration/Data/captures_baseline_95_105_20251215_131329_smallchessboard_calib/z88.0_x95.0_20251215_131641.jpg",
    "/home/tomasjurica/projects/FingernailCalibration/Data/captures_baseline_95_105_20251215_131329_smallchessboard_calib/z90.0_x95.0_20251215_131651.jpg",
    "/home/tomasjurica/projects/FingernailCalibration/Data/captures_baseline_95_105_20251215_131329_smallchessboard_calib/z92.0_x105.0_20251215_131707.jpg",
    "/home/tomasjurica/projects/FingernailCalibration/Data/captures_baseline_95_105_20251215_131329_smallchessboard_calib/z92.0_x95.0_20251215_131702.jpg",
    "/home/tomasjurica/projects/FingernailCalibration/Data/captures_baseline_95_105_20251215_131329_smallchessboard_calib/z94.0_x105.0_20251215_131717.jpg",
    "/home/tomasjurica/projects/FingernailCalibration/Data/captures_baseline_95_105_20251215_131329_smallchessboard_calib/z94.0_x95.0_20251215_131712.jpg",
    "/home/tomasjurica/projects/FingernailCalibration/Data/captures_baseline_95_105_20251215_131329_smallchessboard_calib/z96.0_x105.0_20251215_131727.jpg",
    "/home/tomasjurica/projects/FingernailCalibration/Data/captures_baseline_95_105_20251215_131329_smallchessboard_calib/z96.0_x95.0_20251215_131722.jpg",
    "/home/tomasjurica/projects/FingernailCalibration/Data/captures_baseline_95_105_20251215_131329_smallchessboard_calib/z98.0_x105.0_20251215_131737.jpg",
    "/home/tomasjurica/projects/FingernailCalibration/Data/captures_baseline_95_105_20251215_131329_smallchessboard_calib/z98.0_x95.0_20251215_131732.jpg"
  ]
}